{
    "name": "freezeheader",
    "title": "jQuery freezeheader",
    "description": "A simple jquery plugin to freeze header row in html table.",
    "keywords": [
      "Freezeheader",
        "Header",
        "table",
	"fixed"
     ],
    "version": "1.0.5",
    "author": {
        "name": "Laerte Mercier Junior",
		"email": "laertejjunior@gmail.com",
        "url": "https://github.com/laertejjunior/"
    },
    "maintainers": [
        {
            "name": "Laerte Mercier Junior",
            "email": "laertejjunior@gmail.com",
            "url": "https://github.com/laertejjunior/"
        }
    ],
    "licenses": [
        {
            "type": "MIT",
            "url": "https://github.com/laertejjunior/freezeheader/blob/master/LICENSE.md"
        }
    ],
	"bugs": "https://github.com/laertejjunior/freezeheader/issues",
    "homepage": "http://laertejjunior.github.io/freezeheader/",
    "download": "https://github.com/laertejjunior/freezeheader/blob/master/js/jquery.freezeheader.js",
    "dependencies": {
        "jquery": ">=1.7"
    }
}
