root,logon
000239.opt,logon
000204.mgr,logon
000427.opt,logon
000433.opt,logon
000423.opt,logon
000436.opt,logon
000537.opt,logon
000536.opt,logon
000464.opt1,logon
000464.opt,logon
000462.opt,logon
000524.opt,logon
000461.opt,logon
000459.opt,logon
000460.opt,logon
000513.opt,logon
000510.opt,logon
000502.mgr,logon
000505.opt,logon
000504.opt,logon
110501.mgr,logon
120502.mgr,logon
100401.mgr,logon
100402.mgr,logon
110403.mgr,logon
110404.mgr,logon
110405.mgr,pakkret2013
120406.mgr,logon
120407.mgr,logon
1110408.mgr,logon
200409.mgr,logon
500410.mgr,logon
500411.mgr,logon
500412.mgr,logon
40413.mgr,600300057
300414.mgr,logon
430415.mgr,logon
900415.mgr,logon
800417.mgr,logon
940418.mgr,logon
960419.mgr,logon
950420.mgr,logon
400501.mgr,logon
210501.mgr,logon
330301.mgr,logon
200201.mgr,logon
520202.mgr,logon
43023.mgr,logon
840204.mgr,logon
110601.mgr,logon
200602.mgr,logon
510603.mgr,logon
520604.mgr,logon
570605.mgr,logon
330606.mgr,logon
4006073.mgr,logon
900608.mgr,women
105101.mgr,logon
000209.mgr,logon
520801.mgr,logon
720801.mgr,logon
840801.mgr,logon
500801.mgr,logon
400801.mgr,logon
270801.mgr,logon
930801.mgr,logon
490801.mgr,logon
940801.mgr,logon
770801.mgr,logon
210801.mgr,logon
150801.mgr,logon
410801.mgr,logon
600801.mgr,logon
820801.mgr,logon
62801.mgr,logon
340802.mgr,logon
900801.mgr,logon
390801.mgr,logon
340801.mgr,logon
9508011.mgr,logon
320801.mgr,logon
850801.mgr,logon
190801.mgr,logon
840802.mgr,logon
950802.mgr,logon
910801.mgr,logon
300802.mgr,logon
430801.mgr,logon
900802.mgr,logon
530801.mgr,logon
470801.mgr,logon
460801.mgr,logon
350801.mgr,logon
960801.mgr,logon
960802.mgr,logon
410802.mgr,logon
650801.mgr,logon
650802.mgr,logon
300801.mgr,logon
101101.mgr,logon
101201.mgr,logon
101301.mgr,logon
101401.mgr,logon
101501.mgr,logon
101601.mgr,logon
101701.mgr,logon
101801.mgr,logon
101901.mgr,logon
102001.mgr,logon
102101.mgr,logon
102201.mgr,logon
000414.opt,logon
000313.opt,logon
000511.opt,logon
rector.dsd,logon
0222314.opt,logon
deputy_director.dsd,logon
social_welfare.exp,logon
social_development.exp,logon
social_work.exp,logon
director_central .exe,logon
100701.mgr,logon
200701.mgr,logon
500701.mgr,logon
600701.mgr,logon
410701.mgr,logon
340701.mgr,logon
900701.mgr,logon
960701.mgr,logon
830701.mgr,logon
440701.mgr,logon
190701.mgr,logon
210701.mgr,logon
130701.mgr,logon
630701.mgr,logon
520701.mgr,logon
400701.mgr,logon
320701.mgr,logon
710701.mgr,logon
860701.mgr,logon
800701.mgr,logon
840701.mgr,logon
920701.mgr,logon
950701.mgr,logon
560701.mgr,logon
820701.mgr,logon
10701.mgr,logon
570701.mgr,logon
730701.mgr,logon
94701.mgr,logon
910701.mgr,logon
110701.mgr,logon
230701.mgr,logon
740701.mgr,logon
650701.mgr,logon
310701.mgr,logon
480701.mgr,logon
420701.mgr,logon
770701.mgr,logon
120701.mgr,logon
220701.mgr,logon
300701.mgr,logon
490701.mgr,logon
580701.mgr,logon
700701.mgr,logon
470701.mgr,logon
270701.mgr,logon
720701.mgr,logon
140701.mgr,logon
460701.mgr,logon
350701.mgr,logon
450701.mgr,logon
330701.mgr,logon
430701.mgr,logon
390701.mgr,logon
370701.mgr,logon
930701.mgr,logon
850701.mgr,logon
620701.mgr,logon
550701.mgr,logon
670701.mgr,logon
540701.mgr,logon
640701.mgr,logon
530701.mgr,logon
160701.mgr,logon
510701.mgr,logon
240701.mgr,logon
133101.mgr,logon
133201.mgr,logon
760701.mgr,logon
260701.mgr,logon
750701.mgr,logon
170701.mgr,logon
180701.mgr,logon
250701.mgr,logon
660701.mgr,logon
150701.mgr,logon
360701.mgr,logon
380701.mgr,logon
610701.mgr,logon
810101.mgr,logon
710101.mgr,logon
460101.mgr,logon
620101.mgr,logon
400101.mgr,logon
220101.mgr,logon
240101.mgr,logon
200101.mgr,logon
180101.mgr,logon
360101.mgr,logon
860101.mgr,logon
570101.mgr,logon
500101.mgr,logon
920101.mgr,logon
230101.mgr,logon
630101.mgr,logon
260101.mgr,logon
1730101.mgr,logon
480101.mgr,logon
300101.mgr,logon
800101.mgr,logon
600101.mgr,logon
120101.mgr,logon
960101.mgr,logon
550101.mgr,logon
310101.mgr,logon
130101.mgr,logon
770101.mgr,logon
250101.mgr,logon
940101.mgr,logon
560101.mgr,logon
140101.mgr,logon
820101.mgr,logon
930101.mgr,logon
660101.mgr,logon
100101.mgr,logon
650101.mgr,logon
760101.mgr,logon
670101.mgr,logon
540101.mgr,logon
830101.mgr,logon
440101.mgr,logon
490101.mgr,logon
580101.mgr,logon
350101.mgr,logon
950101.mgr,logon
450101.mgr,logon
850101.mgr,logon
210101.mgr,logon
7001011.mgr,logon
160101.mgr,logon
520101.mgr,logon
510101.mgr,logon
420101.mgr,logon
330101.mgr,logon
470101.mgr,logon
900101.mgr,logon
910101.mgr,logon
110101.mgr,logon
750101.mgr,logon
740101.mgr,logon
270101.mgr,logon
270101.mgr1,logon
170101.mgr,logon
640101.mgr,logon
720101.mgr,logon
840101.mgr,logon
320101.mgr,logon
4301401.mgr,logon
390101.mgr,logon
150101.mgr,logon
410101.mgr,logon
530101.mgr,logon
610101.mgr,logon
340101.mgr,logon
370101.mgr,logon
380101.mgr,logon
300501.mgr,logon
120501.mgr,logon
650501.mgr,logon
840501.mgr,logon
950803.mgr,logon
133301.mgr,logon
133401.mgr,logon
133501.mgr,logon
133601.mgr,logon
133701.mgr,logon
133801.mgr,logon
133901.mgr,logon
134001.mgr,logon
134101.mgr,logon
134201.mgr,logon
105301.mgr,logon
133100.mgr,logon
145301.mgr,logon
565301.mgr,logon
655301.mgr,logon
665301.mgr,logon
7365301.mgr,logon
675301.mgr,logon
545301.mgr,logon
105301.mgr1,logon
825301.mgr,logon
935301.mgr,logon
835301.mgr,logon
815301.mgr,logon
715301.mgr,logon
465301.mgr,logon
445301.mgr,logon
495301.mgr,logon
585301.mgr,logon
625301.mgr,logon
955301.mgr,logon
355301.mgr,logon
405301.mgr,logon
455301.mgr,logon
225301.mgr,logon
855301.mgr,logon
725301.mgr,logon
245301.mgr,logon
215301.mgr,logon
205301.mgr,logon
705301.mg,logon
845301.mgr,logon
165301.mgr,logon
185301.mgr,logon
525301.mgr,logon
325301.mgr,logon
515301.mgr,logon
365301.mgr,logon
425301.mgr,logon
435301.mgr,logon
865301.mgr,logon
335301.mgr,logon
385301.mgr,logon
575301.mgr,logon
4755301.mgr,logon
505301.mgr,logon
905301.mgr,logon
235301.mgr,logon
915301.mgr,logon
395301.mgr,logon
925301mgr,logon
115301.mgr,logon
635301.mgr,logon
755301.mgr,logon
415301.mgr,logon
735301.mgr,logon
745301.mgr,logon
535301.mgr,logon
275301.mgr,logon
485301.mgr,logon
195301.mgr,logon
345301.mgr,logon
305301.mgr,logon
175301.mgr,logon
645301.mgr,logon
805301.mgr,logon
605301.mgr,logon
375301.mgr,logon
125301.mgr,logon
965301.mgr,logon
555301.mgr,logon
315301.mgr,logon
155301.mgr,logon
135301.mgr,logon
615301.mgr,logon
775301.mgr,logon
265301.mgr,logon
255301.mgr,logon
945301.mgr,logon
310801.mgr,logon
460802.mgr,logon
development.mgr,logon
social_services.dir,logon
adoption_center.dir,logon
audit.mgr,logon
familylove.dir,logon
number_one.dir,logon
special.dir,logon
ethnic_affairs.dir,logon
academic_support.mgr,logon
deputy_director2.dsd,logon
deputy_director3.dsd,logon
105201.dir,logon
110404.opt,logon
900415.opt,logon
200409.opt,logon
105101.opt,logon
330301.opt,logon
510603.opt,logon
200602.opt,logon
570605.opt,logon
110601.opt,logon
330606.opt,logon
900608.opt,logon
520604.opt,logon
400607.opt,logon
210501.opt,logon
400501.opt,250105
200201.opt,logon
5320202.opt,logon
840204.opt,logon
430203.opt,logon
110501.opt,logon
120502.opt,logon
960419.opt,logon
940418.opt,logon
950420.opt,logon
500411.opt,logon
110405.opt,logon
100402.opt,logon
300414.opt,logon
430415.opt,logon
500412.opt,logon
500410.opt,logon
800417.opt,logon
100401.opt,logon
180408.opt,logon
410413.opt,logon
110403.opt,logon
120406.opt,logon
120407.opt,logon
770801.opt,logon
210801.opt,logon
150801.opt,logon
720801.opt,logon
520801.opt,logon
460802.opt,logon
840801.opt,logon
500801.opt,logon
400801.opt,logon
270801.opt,logon
930801.opt,logon
490801.opt,logon
940801.opt,logon
410801.opt,logon
600801.opt,logon
820801.opt,logon
6202201.opt,logon
650801.opt,logon
900801.opt,logon
950803.opt,logon
390801.opt,logon
650802.opt,logon
310801.opt,logon
950801.opt,logon
320801.opt,logon
850801.opt,logon
190801.opt,logon
840802.opt,logon
950802.opt,logon
910801.opt,logon
300801.opt,logon
430801.opt,logon
900802.opt,logon
340801.opt,logon
340802.opt,logon
300802.opt,logon
530801.opt,logon
470801.opt,logon
460801.opt,logon
350801.opt,logon
960801.opt,logon
960802.opt,logon
410802.opt,logon
102001.opt,logon
102101.opt,logon
101101.opt,logon
102201.opt,logon
101201.opt,logon
101301.opt,logon
101401.opt,logon
101501.opt,logon
101601.opt,logon
101701.opt,logon
101801.opt,logon
101901.op3t,logon
105301.opt,logon
100701.opt,logon
810701.opt,logon
710701.opt,logon
460701.opt,logon
620701.op,logon
400701.opt,logon
220701.opt,logon
240701.opt,logon
200701.opt,logon
180701.opt,logon
360701.opt,logon
860701.opt,logon
570701.opt,logon
500701.opt,logon
920701.opt,logon
2307031.opt,logon
630701.opt,logon
260701.opt,logon
730701.opt,logon
480701.opt,logon
300701.opt,logon
800701.opt,logon
600701.opt,logon
120701.3pt,logon
960701.opt,logon
550701.opt,logon
380701.opt,logon
310701.opt,logon
130701.opt,logon
770701.opt,logon
250701.opt,logon
940701.opt,logon
140701.opt,logon
560701.opt,logon
820701.opt,logon
930701.opt,logon
660701.opt,logon
650701.opt,logon
760701.opt,logon
670701.opt,logon
540701.opt,logon
830701.o43pt,logon
440701.opt,logon
490701.opt,logon
580701.opt,logon
350701.opt,logon
950701.opt,logon
450701.opt,logon
850701.opt,logon
210701.opt,logon
700701.opt,logon
160701.opt,logon
520701.opt,logon
510701.opt,logon
420701.opt,logon
330701.opt,logon
470701.opt,logon
900701.opt,logon
910701.opt,logon
110701.opt,logon
750701.opt,logon
740701.opt,logon
270701.opt,logon
190701.opt,logon
170701.opt,logon
640701.opt,logon
720701.opt,logon
840701.opt,logon
320701.opt,logon
430701.opt,logon
390701.opt,logon
150701.opt,logon
370701.opt,logon
410701.opt,logon
530701.opt,logon
610701.opt,logon
340701.opt,logon
810101.opt,logon
360101.opt,logon
105201.opt,logon
860101.opt,logon
570101.opt,logon
500101.opt,logon
9202101.opt,logon
230101.opt,logon
630101.opt,logon
260101.opt,logon
730101.opt,logon
480101.opt,logon
710101.opt,logon
300101.opt,logon
800101.opt,logon
600101.opt,logon
120101.opt,logon
960101.opt,logon
550101.opt,logon
310101.opt,logon
130101.opt,logon
770101.opt,logon
250101.opt,logon
460101.opt,logon
940101.opt,logon
560101.opt,logon
140101.opt,logon
820101.opt,logon
930101.opt,logon
660101.opt,logon
650101.opt,logon
760101.opt,logon
670101.opt,logon
540101.opt,logon
620101.opt,logon
830101.opt,logon
440101.opt,logon
490101.opt,logon
580101.opt,logon
350101.opt,logon
950101.opt,logon
450101.opt,logon
850101.opt,logon
210101.opt,logon
700101.opt,logon
400101.opt,logon
160101.opt,logon
520101.opt,logon
510101.opt,logon
420101.opt,logon
33010r1.opt,logon
470101.opt,logon
900101.opt,logon
910101.opt,logon
110101.opt,logon
750101.opt,logon
220101.opt,logon
740101.opt,logon
270101.opt,logon
270101.opt1,logon
170101.opt,logon
640101.opt,logon
720101.opt,logon
840101.opt,logon
320101.opt,logon
430101.opt,logon
390101.opt,logon
240101.opt,logon
150101.opt,logon
410101.opt,logon
530101.opt,logon
610101.opt,logon
340101.opt,logon
370101.opt,logon
380101.opt,logon
200101.opt,logon
180101.opt,logon
100101.opt,logon
300501.opt,logon
120501.opt,logon
650501.opt,logon
840501.opt,logon
mamussaya.pun,logon
staff.opt,logon
staffrajburee.opt,logon
dindang.opt,logon
target.opt,logon
patchanee.kra,logon
wantana.pha,logon
kasorn.ngi,logon
siripan.swa,logon
oamduen.the,logon
meenaporn.plo,logon
varastanan.put,logon
rungtiwa.pon,logon
benjawan.tea,logon
benjawan.tean,logon
winadda.its,logon
saifa.bou,logon
siriporn.pin,logon
natda.chi,logon
chontida.ben,logon
jeerisuda.run,logon
sungwan.kun,logon
sompit.run,logon
lamai.tec,logon
sukanya.thi,logon
saksri.man,logon
amnuay.tep,logon
jaruwarin.tha,logon
rachaya.hun,logon
chinnawat.cha,logon
aongsumarin.kho,logon
thongtip.kat,logon
siranee.kit,logon
panicha.jei,logon
dennapa.ran,logon
kingdao.man,logon
paweenarat.tit,logon
wipada.kan,logon
wanpen.mue,logon
kwanyupa.yon,logon
kanokporn.saw,logon
orrapan.boo,logon
praphaphorn.sin,logon
sarunya.dow,logon
panthipa.son,logon
panadda.kud,logon
ketwadee.kra,logon
pissamai.van,logon
thongchai.sri,logon
somsakul.sue,logon
pornsiri.sin,logon
susita.sup,logon
kittiya.nai,logon
ubonwan.san,logon
mingkhun.kam,logon
naritsorn.rad,logon
kedmanee.suk,logon
suphawit.sea,logon
rojsukon.suk,logon
pattareya.suk,logon
sorayawan.puk,logon
panu.pra,logon
keasarapoun.dit,logon
pimladda.boo,logon
phalcharapa.tha,logon
surachart.rua,logon
maprang.suv,logon
siriluk.thu,logon
rapeeporn.cha,logon
anuchida.kha,logon
kanjana.kit,logon
iskandar.che,logon
khanungnit.pho,logon
wannarat.jar,logon
nattiyaporn.pit,logon
sunisa.har,logon
sareening.woh,logon
chamchoi.suk,logon
rosela.ram,logon
pioenpit.pho,logon
siriporn.cha,logon
chanidapa.cha,logon
sukarada.mam,logon
yavatida.tho,logon
sawanya.kha,logon
wirahas.pan,logon
thararat.tho,logon
pronthip.sri,logon
manutchai.phi,logon
duangdara.tid,logon
pimonpun.lua,logon
nattawan.jai,logon
wipa.kan,logon
sarunyapuck.cho,logon
sakkampon.kwa,logon
chalumporn.sur,logon
tidarat.cho,logon
thippawan.kho,logon
porjai.pro,logon
umaporn.klu,logon
tanisa.suw,logon
pattaraporn.suw,logon
supansa.was,logon
nakarin.int,logon
matta.pho,logon
neeranuch.pub,logon
laksanaporn.ban,logon
niyada.boa,logon
ukrit.pra,logon
krissanaporn.tie,logon
chantana.bun,logon
sawaluk.sae,logon
sirisip.roj,logon
pornthip.mam,logon
anchalee.ong,logon
sutasin.jak,logon
thanutchaphon.khu,logon
amonwan.som,logon
anong.san,logon
sujitra.sin,logon
wiparat.sri,logon
sureepun.sur,logon
tanomsri.kro,logon
naowarat.cho,logon
yanisa.kaw,logon
kanyaphuk.khu,logon
kanlaya .arg,logon
kedsuda.rue,logon
panitisara.kum,logon
benjamas.wad,logon
furkorn.ben,logon
boripon.wea,logon
jarunee.cha,logon
piyanan.pha,logon
panisa.kam,logon
savitree.kam,600300057
yaowapa.lom,logon
bencharee.ujj,logon
thassanee.man,logon
kitiya.sir,logon
noppadon.pho,logon
darunee,logon
ranoo.b,?????
trainer.gni,logon
