<?xml version="1.0" encoding="utf-8"?>
<schema>
    <dbin status="on">
        <host>localhost</host>
        <user>dopa_ixdatau</user>
        <password>Ffxk,klg9viN</password>
        <dbs>dopa_ixdata</dbs>
    </dbin>
    <table name="personal" pk="id">
        <field name="id" type="varchar" size="13" autoid="no" notnull="yes" />
        <field name="prefix" type="varchar" size="6" notnull="no" />
        <field name="fname" type="varchar" size="10" notnull="no" />
        <field name="lname" type="varchar" size="10" notnull="no" />
        <field name="govid" type="int" size="5" notnull="no" />
        <field name="sex" type="varchar" size="4" notnull="no" />
        <field name="salary" type="double" notnull="no" />
    </table>
</schema>